Year, kWh, kvarh, "Peak kW", "peak kVA", "Losses kWh", "Losses kvarh", "Peak Losses kW"
0, 133.995042800141, 10426.0580857694, 3613.4209007316, 3844.80299167992, 2462.13949599862, 4977.17112079526, 344.418138640599
